QuantityType	SBMLReactionID	SBMLSpeciesID	Value	Mean	Std	Unit	Provenance	Type	Source	logMean	logStd	Temperature	pH	Minimum	Maximum
concentration of enzyme	R1		0.3710138117670019	0.3710138117670019	0.1740600576204329	mM									
concentration of enzyme	R2		0.3710138117667533	0.3710138117667533	0.17406005762031623	mM									
concentration of enzyme	R3		0.37101381176752096	0.37101381176752096	0.17406005762067642	mM									
concentration of enzyme	R4		0.37101381176709114	0.37101381176709114	0.17406005762047475	mM									
concentration of enzyme	R5		2.010217259183581	2.010217259183581	0.9443357485884984	mM									
concentration of enzyme	R6		2.0102172591843304	2.0102172591843304	0.9443357485888504	mM									
concentration of enzyme	R7		2.0102172591840186	2.0102172591840186	0.944335748588704	mM									
concentration of enzyme	R8		2.0102172591993672	2.0102172591993672	0.9443357485959142	mM									
concentration of enzyme	R9		2.858701648454445	2.858701648454445	1.3425394152569228	mM									
concentration of enzyme	R10		2.858701648443714	2.858701648443714	1.342539415251883	mM									
concentration of enzyme	R11		2.8587016484424135	2.8587016484424135	1.3425394152512717	mM									
concentration of enzyme	R12		2.8587016484431214	2.8587016484431214	1.3425394152516041	mM									
concentration of enzyme	R13		1.4633638421759878	1.4633638421759878	0.6830838941997758	mM									
concentration of enzyme	R14		5.178970614196438	5.178970614196438	2.4256596559077312	mM									
concentration of enzyme	R15		10.067724628984953	10.067724628984953	4.714244416845491	mM									
concentration of enzyme	R16		1.3079698651894838	1.3079698651894838	0.6129508530099318	mM									
concentration of enzyme	R17		1.3079698651903944	1.3079698651903944	0.6129508530103589	mM									
concentration of enzyme	R18		1.3079698651877052	1.3079698651877052	0.6129508530090986	mM									
concentration of enzyme	R19		1.307969865189804	1.307969865189804	0.6129508530100821	mM									
concentration of enzyme	R20		1.6492540567015326	1.6492540567015326	0.7742764718439992	mM									
concentration of enzyme	R21		1.6492540569057998	1.6492540569057998	0.774276471939896	mM									
concentration of enzyme	R22		1.649254056907492	1.649254056907492	0.7742764719406904	mM									
concentration of enzyme	R23		1.6492540569071197	1.6492540569071197	0.7742764719405156	mM									
concentration of enzyme	R24		1.4502402554298817	1.4502402554298817	0.6796199703124703	mM									
concentration of enzyme	R25		1.450240255431137	1.450240255431137	0.6796199703130587	mM									
concentration of enzyme	R26		1.4502402554294425	1.4502402554294425	0.6796199703122645	mM									
concentration of enzyme	R27		1.4502402554289116	1.4502402554289116	0.6796199703120157	mM									
catalytic rate constant geometric mean	R1		1.0499022724301383	1.0499022724301383	0.42424823717832594	1/s									
catalytic rate constant geometric mean	R2		1.0499022724295561	1.0499022724295561	0.4242482371780906	1/s									
catalytic rate constant geometric mean	R3		1.0499022724310463	1.0499022724310463	0.4242482371786928	1/s									
catalytic rate constant geometric mean	R4		1.049902272430092	1.049902272430092	0.4242482371783071	1/s									
catalytic rate constant geometric mean	R5		3.574201711615426	3.574201711615426	1.4455000766628185	1/s									
catalytic rate constant geometric mean	R6		3.574201711615011	3.574201711615011	1.4455000766626507	1/s									
catalytic rate constant geometric mean	R7		3.574201711616477	3.574201711616477	1.4455000766632435	1/s									
catalytic rate constant geometric mean	R8		3.574201711613419	3.574201711613419	1.445500076662007	1/s									
catalytic rate constant geometric mean	R9		4.613680766571112	4.613680766571112	1.8655478107913113	1/s									
catalytic rate constant geometric mean	R10		4.613680766562733	4.613680766562733	1.8655478107879233	1/s									
catalytic rate constant geometric mean	R11		4.613680766566077	4.613680766566077	1.8655478107892756	1/s									
catalytic rate constant geometric mean	R12		4.613680766567284	4.613680766567284	1.8655478107897634	1/s									
catalytic rate constant geometric mean	R13		2.8392968108653904	2.8392968108653904	1.1436224823541343	1/s									
catalytic rate constant geometric mean	R14		7.098179870501127	7.098179870501127	2.865204302754656	1/s									
catalytic rate constant geometric mean	R15		11.493188453983988	11.493188453983988	4.638542242314675	1/s									
catalytic rate constant geometric mean	R16		2.6173668571297064	2.6173668571297064	1.056885040762404	1/s									
catalytic rate constant geometric mean	R17		2.6173668571308886	2.6173668571308886	1.0568850407628814	1/s									
catalytic rate constant geometric mean	R18		2.6173668571251825	2.6173668571251825	1.0568850407605772	1/s									
catalytic rate constant geometric mean	R19		2.6173668571292135	2.6173668571292135	1.0568850407622048	1/s									
catalytic rate constant geometric mean	R20		3.09644172761313	3.09644172761313	1.251773801747188	1/s									
catalytic rate constant geometric mean	R21		3.0964417274980294	3.0964417274980294	1.251773801700657	1/s									
catalytic rate constant geometric mean	R22		3.096441727498074	3.096441727498074	1.2517738017006752	1/s									
catalytic rate constant geometric mean	R23		3.0964417274968743	3.0964417274968743	1.25177380170019	1/s									
catalytic rate constant geometric mean	R24		2.8208136793407155	2.8208136793407155	1.1390333490392779	1/s									
catalytic rate constant geometric mean	R25		2.8208136793437877	2.8208136793437877	1.1390333490405182	1/s									
catalytic rate constant geometric mean	R26		2.8208136793404073	2.8208136793404073	1.1390333490391533	1/s									
catalytic rate constant geometric mean	R27		2.820813679341933	2.820813679341933	1.1390333490397695	1/s									
Michaelis constant	R1	SERINE	0.9832252330821724	0.9832252330821724	0.1780470502765922	mM									
Michaelis constant	R2	SERINE	0.9832252330819566	0.9832252330819566	0.17804705027655318	mM									
Michaelis constant	R3	SERINE	0.9832252330818676	0.9832252330818676	0.17804705027653553	mM									
Michaelis constant	R4	SERINE	0.9832252330821749	0.9832252330821749	0.1780470502765912	mM									
Michaelis constant	R13	SERINE	0.9832252330821278	0.9832252330821278	0.17804705027658266	mM									
Michaelis constant	R16	SERINE	0.983225233082023	0.983225233082023	0.17804705027656362	mM									
Michaelis constant	R17	SERINE	0.9832252330820562	0.9832252330820562	0.17804705027656964	mM									
Michaelis constant	R18	SERINE	0.9832252330821077	0.9832252330821077	0.17804705027657902	mM									
Michaelis constant	R19	SERINE	0.9832252330820047	0.9832252330820047	0.17804705027656031	mM									
Michaelis constant	R20	SERINE	0.9832252330820239	0.9832252330820239	0.1780470502765638	mM									
Michaelis constant	R21	SERINE	0.9832252330822073	0.9832252330822073	0.17804705027659695	mM									
Michaelis constant	R22	SERINE	0.9832252330821855	0.9832252330821855	0.17804705027659304	mM									
Michaelis constant	R23	SERINE	0.9832252330822387	0.9832252330822387	0.17804705027660267	mM									
Michaelis constant	R24	SERINE	0.9832252330821977	0.9832252330821977	0.17804705027659523	mM									
Michaelis constant	R25	SERINE	0.9832252330822413	0.9832252330822413	0.17804705027660317	mM									
Michaelis constant	R26	SERINE	0.9832252330822318	0.9832252330822318	0.17804705027660142	mM									
Michaelis constant	R27	SERINE	0.9832252330821749	0.9832252330821749	0.17804705027659112	mM									
Michaelis constant	R5	HCO3	0.017141697079022918	0.017141697079022918	0.003151841937629228	mM									
Michaelis constant	R6	HCO3	0.017141697079068	0.017141697079068	0.003151841937637517	mM									
Michaelis constant	R7	HCO3	0.017141697078898635	0.017141697078898635	0.0031518419376063765	mM									
Michaelis constant	R8	HCO3	0.017141697079084823	0.017141697079084823	0.003151841937640611	mM									
Michaelis constant	R1	PYRUVICACID	0.16339516455435907	0.16339516455435907	0.029547179200404346	mM									
Michaelis constant	R2	PYRUVICACID	0.16339516455528286	0.16339516455528286	0.029547179200571403	mM									
Michaelis constant	R3	PYRUVICACID	0.16339516455461212	0.16339516455461212	0.029547179200450097	mM									
Michaelis constant	R4	PYRUVICACID	0.1633951645555827	0.1633951645555827	0.02954717920062562	mM									
Michaelis constant	R5	PYRUVICACID	0.16339516455465633	0.16339516455465633	0.029547179200458098	mM									
Michaelis constant	R6	PYRUVICACID	0.163395164555059	0.163395164555059	0.02954717920053091	mM									
Michaelis constant	R7	PYRUVICACID	0.16339516455453404	0.16339516455453404	0.029547179200435987	mM									
Michaelis constant	R8	PYRUVICACID	0.16339516455494948	0.16339516455494948	0.029547179200511114	mM									
Michaelis constant	R14	PYRUVICACID	0.16339516455474654	0.16339516455474654	0.029547179200474408	mM									
Michaelis constant	R9	MALICACID	0.0071584677902521805	0.0071584677902521805	0.00130157745693115	mM									
Michaelis constant	R10	MALICACID	0.007158467790249561	0.007158467790249561	0.0013015774569306738	mM									
Michaelis constant	R11	MALICACID	0.007158467790267116	0.007158467790267116	0.0013015774569338657	mM									
Michaelis constant	R12	MALICACID	0.007158467790286793	0.007158467790286793	0.0013015774569374436	mM									
Michaelis constant	R15	MALICACID	0.007158467790244888	0.007158467790244888	0.0013015774569298244	mM									
Michaelis constant	R5	OXALOACETICACID	0.01625835827457143	0.01625835827457143	0.002958590496058526	mM									
Michaelis constant	R6	OXALOACETICACID	0.016258358274452468	0.016258358274452468	0.0029585904960368788	mM									
Michaelis constant	R7	OXALOACETICACID	0.016258358274619675	0.016258358274619675	0.0029585904960673054	mM									
Michaelis constant	R8	OXALOACETICACID	0.016258358274653075	0.016258358274653075	0.002958590496073384	mM									
Michaelis constant	R9	OXALOACETICACID	0.016258358274678014	0.016258358274678014	0.0029585904960779215	mM									
Michaelis constant	R10	OXALOACETICACID	0.016258358274552655	0.016258358274552655	0.0029585904960551103	mM									
Michaelis constant	R11	OXALOACETICACID	0.01625835827464122	0.01625835827464122	0.0029585904960712263	mM									
Michaelis constant	R12	OXALOACETICACID	0.01625835827459813	0.01625835827459813	0.002958590496063385	mM									
Michaelis constant	R1	NH3	0.06009668902450338	0.06009668902450338	0.010926629821277985	mM									
Michaelis constant	R2	NH3	0.06009668902434282	0.06009668902434282	0.010926629821248793	mM									
Michaelis constant	R3	NH3	0.06009668902449177	0.06009668902449177	0.010926629821275877	mM									
Michaelis constant	R4	NH3	0.06009668902438123	0.06009668902438123	0.010926629821255775	mM									
Michaelis constant	R5	ATP	0.017141697079015427	0.017141697079015427	0.0031518419376278506	mM									
Michaelis constant	R6	ATP	0.017141697078978824	0.017141697078978824	0.0031518419376211208	mM									
Michaelis constant	R7	ATP	0.017141697078964728	0.017141697078964728	0.0031518419376185287	mM									
Michaelis constant	R8	ATP	0.017141697079018792	0.017141697079018792	0.00315184193762847	mM									
Michaelis constant	R5	ADP	0.0058337281039894315	0.0058337281039894315	0.0010726469384050156	mM									
Michaelis constant	R6	ADP	0.005833728104005292	0.005833728104005292	0.0010726469384079319	mM									
Michaelis constant	R7	ADP	0.00583372810399811	0.00583372810399811	0.0010726469384066118	mM									
Michaelis constant	R8	ADP	0.005833728103988416	0.005833728103988416	0.0010726469384048291	mM									
Michaelis constant	R9	NADH	0.027869585254587593	0.027869585254587593	0.005111944428031899	mM									
Michaelis constant	R10	NADH	0.0278695852546333	0.0278695852546333	0.005111944428040283	mM									
Michaelis constant	R11	NADH	0.02786958525455763	0.02786958525455763	0.005111944428026404	mM									
Michaelis constant	R12	NADH	0.027869585254610106	0.027869585254610106	0.005111944428036029	mM									
Michaelis constant	R9	NAD_plus	0.003588140946000239	0.003588140946000239	0.0006581503437651514	mM									
Michaelis constant	R10	NAD_plus	0.0035881409459907966	0.0035881409459907966	0.0006581503437634197	mM									
Michaelis constant	R11	NAD_plus	0.0035881409460093217	0.0035881409460093217	0.0006581503437668175	mM									
Michaelis constant	R12	NAD_plus	0.0035881409459996272	0.0035881409459996272	0.0006581503437650393	mM									
Michaelis constant	R1	SDA_MSMEG	0.006474085570048268	0.006474085570048268	0.0011817506504703391	mM									
Michaelis constant	R16	SDA_MSMEG	0.0064740855700478606	0.0064740855700478606	0.0011817506504702643	mM									
Michaelis constant	R2	SDA_BSUB	0.006474085570053656	0.006474085570053656	0.0011817506504713227	mM									
Michaelis constant	R17	SDA_BSUB	0.006474085570046302	0.006474085570046302	0.0011817506504699798	mM									
Michaelis constant	R3	SDA_ECOLI	0.006474085570053973	0.006474085570053973	0.0011817506504713802	mM									
Michaelis constant	R18	SDA_ECOLI	0.00647408557005537	0.00647408557005537	0.0011817506504716352	mM									
Michaelis constant	R4	SDA_LPNEU	0.006474085570046687	0.006474085570046687	0.0011817506504700503	mM									
Michaelis constant	R19	SDA_LPNEU	0.006474085570053788	0.006474085570053788	0.0011817506504713463	mM									
Michaelis constant	R5	PCX_RETLI	0.010706810374019347	0.010706810374019347	0.0019575113439094403	mM									
Michaelis constant	R20	PCX_RETLI	0.010706810374038821	0.010706810374038821	0.001957511343913001	mM									
Michaelis constant	R6	PCX_SCER	0.010706810374018006	0.010706810374018006	0.0019575113439091953	mM									
Michaelis constant	R21	PCX_SCER	0.010706810374040943	0.010706810374040943	0.0019575113439133885	mM									
Michaelis constant	R7	PCX_MSMEG	0.010706810374032564	0.010706810374032564	0.001957511343911857	mM									
Michaelis constant	R22	PCX_MSMEG	0.01070681037402236	0.01070681037402236	0.0019575113439099915	mM									
Michaelis constant	R8	PCX_GTHERM	0.010706810374031272	0.010706810374031272	0.00195751134391162	mM									
Michaelis constant	R23	PCX_GTHERM	0.01070681037402548	0.01070681037402548	0.001957511343910562	mM									
Michaelis constant	R9	MDH_ECOLI	0.012638637896696132	0.012638637896696132	0.0023082971343318963	mM									
Michaelis constant	R24	MDH_ECOLI	0.012638637896695898	0.012638637896695898	0.002308297134331853	mM									
Michaelis constant	R10	MDH_MDOM	0.012638637896672493	0.012638637896672493	0.0023082971343275785	mM									
Michaelis constant	R25	MDH_MDOM	0.012638637896670349	0.012638637896670349	0.0023082971343271865	mM									
Michaelis constant	R11	MDH_REMER	0.012638637896664421	0.012638637896664421	0.0023082971343261044	mM									
Michaelis constant	R26	MDH_REMER	0.01263863789668273	0.01263863789668273	0.0023082971343294477	mM									
Michaelis constant	R12	MDH_TAES	0.012638637896674524	0.012638637896674524	0.0023082971343279498	mM									
Michaelis constant	R27	MDH_TAES	0.012638637896677218	0.012638637896677218	0.0023082971343284416	mM									
Michaelis constant	R16	DNA_SDA_MSMEG	0.009865268919853051	0.009865268919853051	0.0018209894782150909	mM									
Michaelis constant	R17	DNA_SDA_BSUB	0.009865268919845446	0.009865268919845446	0.0018209894782136868	mM									
Michaelis constant	R18	DNA_SDA_ECOLI	0.009865268919836141	0.009865268919836141	0.0018209894782119692	mM									
Michaelis constant	R19	DNA_SDA_LPNEU	0.00986526891985809	0.00986526891985809	0.0018209894782160205	mM									
Michaelis constant	R20	DNA_PCX_RETLI	0.010686939307699426	0.010686939307699426	0.001974504057710117	mM									
Michaelis constant	R21	DNA_PCX_SCER	0.010686939307703328	0.010686939307703328	0.0019745040577108385	mM									
Michaelis constant	R22	DNA_PCX_MSMEG	0.010686939307699341	0.010686939307699341	0.001974504057710101	mM									
Michaelis constant	R23	DNA_PCX_GTHERM	0.010686939307702245	0.010686939307702245	0.001974504057710638	mM									
Michaelis constant	R24	DNA_MDH_ECOLI	0.010223094025240128	0.010223094025240128	0.0018870350129239284	mM									
Michaelis constant	R25	DNA_MDH_MDOM	0.010223094025252694	0.010223094025252694	0.0018870350129262478	mM									
Michaelis constant	R26	DNA_MDH_REMER	0.010223094025248144	0.010223094025248144	0.0018870350129254082	mM									
Michaelis constant	R27	DNA_MDH_TAES	0.0102230940252485	0.0102230940252485	0.0018870350129254734	mM									
concentration		SERINE	0.9604022138246537	0.9604022138246537	0.06558436259207939	mM									
concentration		HCO3	0.1246863130307846	0.1246863130307846	0.11665804838813798	mM									
concentration		PYRUVICACID	0.0741938115764805	0.0741938115764805	0.06321043031554575	mM									
concentration		MALICACID	0.08924840642542654	0.08924840642542654	0.08128965777696241	mM									
concentration		OXALOACETICACID	0.07186872995318536	0.07186872995318536	0.06317911750579634	mM									
concentration		NH3	0.06704155634662311	0.06704155634662311	0.06159593051784669	mM									
concentration		ATP	0.12468631303143755	0.12468631303143755	0.1166580483887489	mM									
concentration		ADP	0.08020245843098713	0.08020245843098713	0.07503840677508598	mM									
concentration		NADH	0.08960980273833087	0.08960980273833087	0.0834392699567682	mM									
concentration		NAD_plus	0.11159659470444061	0.11159659470444061	0.10391205099502836	mM									
concentration		SDA_MSMEG	0.1078111697707973	0.1078111697707973	0.10282783766920907	mM									
concentration		SDA_BSUB	0.1078111697706595	0.1078111697706595	0.10282783766907765	mM									
concentration		SDA_ECOLI	0.10781116977080012	0.10781116977080012	0.10282783766921172	mM									
concentration		SDA_LPNEU	0.10781116977067487	0.10781116977067487	0.1028278376690923	mM									
concentration		PCX_RETLI	0.10572749719657105	0.10572749719657105	0.1011274872825286	mM									
concentration		PCX_SCER	0.1057274971966853	0.1057274971966853	0.10112748728263789	mM									
concentration		PCX_MSMEG	0.1057274971965019	0.1057274971965019	0.10112748728246242	mM									
concentration		PCX_GTHERM	0.10572749719661971	0.10572749719661971	0.10112748728257515	mM									
concentration		MDH_ECOLI	0.09662222418648768	0.09662222418648768	0.09224314142814233	mM									
concentration		MDH_MDOM	0.0966222241862761	0.0966222241862761	0.09224314142794035	mM									
concentration		MDH_REMER	0.09662222418635925	0.09662222418635925	0.09224314142801973	mM									
concentration		MDH_TAES	0.09662222418650192	0.09662222418650192	0.09224314142815593	mM									
concentration		DNA_SDA_MSMEG	0.10250793662137571	0.10250793662137571	0.10005432350403526	mM									
concentration		DNA_SDA_BSUB	0.10250793662134808	0.10250793662134808	0.10005432350400828	mM									
concentration		DNA_SDA_ECOLI	0.10250793662131871	0.10250793662131871	0.1000543235039796	mM									
concentration		DNA_SDA_LPNEU	0.10250793662129394	0.10250793662129394	0.10005432350395548	mM									
concentration		DNA_PCX_RETLI	0.0999476069055187	0.0999476069055187	0.09771859713224171	mM									
concentration		DNA_PCX_SCER	0.09994760690551248	0.09994760690551248	0.09771859713223564	mM									
concentration		DNA_PCX_MSMEG	0.0999476069055198	0.0999476069055198	0.0977185971322428	mM									
concentration		DNA_PCX_GTHERM	0.0999476069054846	0.0999476069054846	0.09771859713220839	mM									
concentration		DNA_MDH_ECOLI	0.10069722575857762	0.10069722575857762	0.09828654034872018	mM									
concentration		DNA_MDH_MDOM	0.10069722575859806	0.10069722575859806	0.09828654034874013	mM									
concentration		DNA_MDH_REMER	0.10069722575856756	0.10069722575856756	0.09828654034871032	mM									
concentration		DNA_MDH_TAES	0.10069722575857468	0.10069722575857468	0.09828654034871726	mM									
chemical potential		SERINE	0.9677580954808604	0.9677580954808604	1.327992075621808	kJ/mol									
chemical potential		HCO3	-502.296832487511	-502.296832487511	412.868573044902	kJ/mol									
chemical potential		PYRUVICACID	16.328713774502024	16.328713774502024	1.3835386743841742	kJ/mol									
chemical potential		MALICACID	24.330749128508096	24.330749128508096	1.3799523748791465	kJ/mol									
chemical potential		OXALOACETICACID	-562.1248571047472	-562.1248571047472	359.3330789577222	kJ/mol									
chemical potential		NH3	-869.9957839613053	-869.9957839613053	160.59751461000795	kJ/mol									
chemical potential		ATP	-502.29683246684726	-502.29683246684726	412.86857304492696	kJ/mol									
chemical potential		ADP	-1251.9600782519556	-1251.9600782519556	412.8685730407441	kJ/mol									
chemical potential		NADH	-187.29323411395308	-187.29323411395308	388.6086725778618	kJ/mol									
chemical potential		NAD_plus	-1566.9636766022304	-1566.9636766022304	388.60867258212625	kJ/mol									
chemical potential		SDA_MSMEG	-870.5482579934687	-870.5482579934687	160.5187019184532	kJ/mol									
chemical potential		SDA_BSUB	-870.5482579934687	-870.5482579934687	160.51870191845313	kJ/mol									
chemical potential		SDA_ECOLI	-870.5482579935051	-870.5482579935051	160.5187019184532	kJ/mol									
chemical potential		SDA_LPNEU	-870.5482579934469	-870.5482579934469	160.51870191845325	kJ/mol									
chemical potential		PCX_RETLI	-820.8259141572489	-820.8259141572489	167.77601984257882	kJ/mol									
chemical potential		PCX_SCER	-820.8259141572526	-820.8259141572526	167.77601984257882	kJ/mol									
chemical potential		PCX_MSMEG	-820.8259141572707	-820.8259141572707	167.77601984257882	kJ/mol									
chemical potential		PCX_GTHERM	-820.8259141572416	-820.8259141572416	167.77601984257882	kJ/mol									
chemical potential		MDH_ECOLI	-784.0469739454602	-784.0469739454602	166.54197685910665	kJ/mol									
chemical potential		MDH_MDOM	-784.0469739454129	-784.0469739454129	166.54197685910663	kJ/mol									
chemical potential		MDH_REMER	-784.0469739454275	-784.0469739454275	166.54197685910663	kJ/mol									
chemical potential		MDH_TAES	-784.0469739454384	-784.0469739454384	166.54197685910665	kJ/mol									
chemical potential		DNA_SDA_MSMEG	-885.4918207067603	-885.4918207067603	160.67851256862818	kJ/mol									
chemical potential		DNA_SDA_BSUB	-885.4918207067967	-885.4918207067967	160.67851256862818	kJ/mol									
chemical potential		DNA_SDA_ECOLI	-885.4918207067676	-885.4918207067676	160.67851256862818	kJ/mol									
chemical potential		DNA_SDA_LPNEU	-885.4918207067749	-885.4918207067749	160.6785125686282	kJ/mol									
chemical potential		DNA_PCX_RETLI	-839.7230909919272	-839.7230909919272	167.8817551050366	kJ/mol									
chemical potential		DNA_PCX_SCER	-839.7230909919344	-839.7230909919344	167.8817551050366	kJ/mol									
chemical potential		DNA_PCX_MSMEG	-839.7230909919526	-839.7230909919526	167.8817551050366	kJ/mol									
chemical potential		DNA_PCX_GTHERM	-839.7230909919053	-839.7230909919053	167.88175510503658	kJ/mol									
chemical potential		DNA_MDH_ECOLI	-797.7511315590309	-797.7511315590309	166.61600691045425	kJ/mol									
chemical potential		DNA_MDH_MDOM	-797.7511315590418	-797.7511315590418	166.61600691045413	kJ/mol									
chemical potential		DNA_MDH_REMER	-797.7511315590382	-797.7511315590382	166.61600691045416	kJ/mol									
chemical potential		DNA_MDH_TAES	-797.7511315590418	-797.7511315590418	166.61600691045416	kJ/mol									
equilibrium constant	R1		0.0016948282208889838	0.0016948282208889838	0.0012174769858342592										
equilibrium constant	R2		0.0016948282208889506	0.0016948282208889506	0.0012174769858300958										
equilibrium constant	R3		0.0016948282208642245	0.0016948282208642245	0.0012174769858164741										
equilibrium constant	R4		0.001694828220903787	0.001694828220903787	0.001217476985840757										
equilibrium constant	R5		7.405872613166848	7.405872613166848	5.4313494299655645										
equilibrium constant	R6		7.405872613156534	7.405872613156534	5.431349429967072										
equilibrium constant	R7		7.405872613102018	7.405872613102018	5.4313494299225535										
equilibrium constant	R8		7.405872613188528	7.405872613188528	5.431349429997338										
equilibrium constant	R9		39.47519436929845	39.47519436929845	28.817646664969768										
equilibrium constant	R10		39.475194370043425	39.475194370043425	28.81764666548945										
equilibrium constant	R11		39.47519436981006	39.47519436981006	28.81764666535533										
equilibrium constant	R12		39.47519436964177	39.47519436964177	28.817646665268718										
equilibrium constant	R13		1.4740348049814085	1.4740348049814085	0.9723781563080828										
equilibrium constant	R14		696.9222067629465	696.9222067629465	487.8910590826675										
equilibrium constant	R15		17239.02678323147	17239.02678323147	12022.543502858445										
equilibrium constant	R16		0.8425907833819214	0.8425907833819214	0.5960361000372857										
equilibrium constant	R17		0.8425907833695957	0.8425907833695957	0.5960361000275837										
equilibrium constant	R18		0.84259078339174	0.84259078339174	0.5960361000453269										
equilibrium constant	R19		0.8425907833695957	0.8425907833695957	0.5960361000265707										
equilibrium constant	R20		2.6107220762278134	2.6107220762278134	1.9007987745002173										
equilibrium constant	R21		2.6107220762240058	2.6107220762240058	1.900798774499848										
equilibrium constant	R22		2.610722076224103	2.610722076224103	1.9007987744965866										
equilibrium constant	R23		2.6107220762431496	2.6107220762431496	1.900798774510522										
equilibrium constant	R24		1.3849181142562514	1.3849181142562514	0.9796079268239009										
equilibrium constant	R25		1.3849181142239477	1.3849181142239477	0.9796079268010389										
equilibrium constant	R26		1.3849181142341302	1.3849181142341302	0.9796079268082288										
equilibrium constant	R27		1.3849181142380393	1.3849181142380393	0.9796079268143736										
substrate catalytic rate constant	R1		232.89667882222923	232.89667882222923	117.57604798611688	1/s									
substrate catalytic rate constant	R2		232.8966788221645	232.8966788221645	117.57604798601191	1/s									
substrate catalytic rate constant	R3		232.89667882096495	232.89667882096495	117.57604798547857	1/s									
substrate catalytic rate constant	R4		232.89667882331668	232.89667882331668	117.57604798652127	1/s									
substrate catalytic rate constant	R5		1.0894814175923824	1.0894814175923824	0.5567140540377764	1/s									
substrate catalytic rate constant	R6		1.0894814175915308	1.0894814175915308	0.5567140540370037	1/s									
substrate catalytic rate constant	R7		1.0894814175877687	1.0894814175877687	0.5567140540355877	1/s									
substrate catalytic rate constant	R8		1.089481417593265	1.089481417593265	0.5567140540388182	1/s									
substrate catalytic rate constant	R9		0.3561955950069924	0.3561955950069924	0.181535093385554	1/s									
substrate catalytic rate constant	R10		0.3561955950090171	0.3561955950090171	0.18153509338664114	1/s									
substrate catalytic rate constant	R11		0.3561955950082882	0.3561955950082882	0.1815350933858003	1/s									
substrate catalytic rate constant	R12		0.3561955950076909	0.3561955950076909	0.18153509338557866	1/s									
substrate catalytic rate constant	R13		2.985487767816188	2.985487767816188	1.437152254655311	1/s									
substrate catalytic rate constant	R14		0.05399027656988206	0.05399027656988206	0.026838613621806635	1/s									
substrate catalytic rate constant	R15		0.006542550568189966	0.006542550568189966	0.003244897951638462	1/s									
substrate catalytic rate constant	R16		4.263914282007762	4.263914282007762	2.130630545968768	1/s									
substrate catalytic rate constant	R17		4.26391428197556	4.26391428197556	2.1306305459516452	1/s									
substrate catalytic rate constant	R18		4.263914282017188	4.263914282017188	2.1306305459737835	1/s									
substrate catalytic rate constant	R19		4.263914281975366	4.263914281975366	2.1306305459515684	1/s									
substrate catalytic rate constant	R20		2.0423195983125892	2.0423195983125892	1.037595953065193	1/s									
substrate catalytic rate constant	R21		2.042319598235486	2.042319598235486	1.037595953019488	1/s									
substrate catalytic rate constant	R22		2.0423195982355433	2.0423195982355433	1.0375959530195193	1/s									
substrate catalytic rate constant	R23		2.042319598242281	2.042319598242281	1.0375959530223084	1/s									
substrate catalytic rate constant	R24		3.0721105580135957	3.0721105580135957	1.535042218459542	1/s									
substrate catalytic rate constant	R25		3.072110557988977	3.072110557988977	1.5350422184472476	1/s									
substrate catalytic rate constant	R26		3.0721105579953893	3.0721105579953893	1.5350422184504449	1/s									
substrate catalytic rate constant	R27		3.072110558000942	3.072110558000942	1.5350422184541752	1/s									
product catalytic rate constant	R1		0.0047329776758875996	0.0047329776758875996	0.0029304230132682152	1/s									
product catalytic rate constant	R2		0.004732977675883534	0.004732977675883534	0.0029304230132613882	1/s									
product catalytic rate constant	R3		0.004732977675921499	0.004732977675921499	0.0029304230132863305	1/s									
product catalytic rate constant	R4		0.004732977675865097	0.004732977675865097	0.0029304230132514123	1/s									
product catalytic rate constant	R5		11.725686798353644	11.725686798353644	7.409649840059584	1/s									
product catalytic rate constant	R6		11.725686798360144	11.725686798360144	7.4096498400601325	1/s									
product catalytic rate constant	R7		11.7256867984103	11.7256867984103	7.409649840097167	1/s									
product catalytic rate constant	R8		11.725686798330816	11.725686798330816	7.409649840047827	1/s									
product catalytic rate constant	R9		59.759442604589154	59.759442604589154	37.5965439029133	1/s									
product catalytic rate constant	R10		59.75944260403205	59.75944260403205	37.5965439025356	1/s									
product catalytic rate constant	R11		59.759442604242665	59.759442604242665	37.5965439026817	1/s									
product catalytic rate constant	R12		59.759442604376844	59.759442604376844	37.59654390277973	1/s									
product catalytic rate constant	R13		2.700264414778442	2.700264414778442	1.5408559327091673	1/s									
product catalytic rate constant	R14		933.2079899382044	933.2079899382044	562.827244776997	1/s									
product catalytic rate constant	R15		20189.890695080307	20189.890695080307	12129.410734849449	1/s									
product catalytic rate constant	R16		1.606647979230781	1.606647979230781	0.9775946824242638	1/s									
product catalytic rate constant	R17		1.6066479792443653	1.6066479792443653	0.9775946824319992	1/s									
product catalytic rate constant	R18		1.6066479792216972	1.6066479792216972	0.9775946824191865	1/s									
product catalytic rate constant	R19		1.6066479792423811	1.6066479792423811	0.9775946824307991	1/s									
product catalytic rate constant	R20		4.694638087214934	4.694638087214934	2.93792026407287	1/s									
product catalytic rate constant	R21		4.694638087043153	4.694638087043153	2.9379202639807835	1/s									
product catalytic rate constant	R22		4.694638087043156	4.694638087043156	2.937920263980731	1/s									
product catalytic rate constant	R23		4.694638087024029	4.694638087024029	2.9379202639673663	1/s									
product catalytic rate constant	R24		2.5900727409695294	2.5900727409695294	1.5758776802972365	1/s									
product catalytic rate constant	R25		2.5900727409959274	2.5900727409959274	1.575877680313292	1/s									
product catalytic rate constant	R26		2.5900727409843136	2.5900727409843136	1.5758776803054333	1/s									
product catalytic rate constant	R27		2.590072740982433	2.590072740982433	1.57587768030665	1/s									
forward maximal velocity	R1		86.40788455771062	86.40788455771062	50.88281642280755	mM/s									
forward maximal velocity	R2		86.4078845576285	86.4078845576285	50.8828164227592	mM/s									
forward maximal velocity	R3		86.40788455736188	86.40788455736188	50.88281642260218	mM/s									
forward maximal velocity	R4		86.40788455813455	86.40788455813455	50.882816423030896	mM/s									
forward maximal velocity	R5		2.1900943492039864	2.1900943492039864	1.295873055312174	mM/s									
forward maximal velocity	R6		2.190094349203115	2.190094349203115	1.2958730553109914	mM/s									
forward maximal velocity	R7		2.19009434919521	2.19009434919521	1.295873055307314	mM/s									
forward maximal velocity	R8		2.1900943492229716	2.1900943492229716	1.2958730553305708	mM/s									
forward maximal velocity	R9		1.0182569346186574	1.0182569346186574	0.601871472875547	mM/s									
forward maximal velocity	R10		1.0182569346206543	1.0182569346206543	0.6018714728771921	mM/s									
forward maximal velocity	R11		1.0182569346181365	1.0182569346181365	0.6018714728740774	mM/s									
forward maximal velocity	R12		1.0182569346166606	1.0182569346166606	0.6018714728737471	mM/s									
forward maximal velocity	R13		4.36885485068091	4.36885485068091	2.5257518248178554	mM/s									
forward maximal velocity	R14		0.27961405580775767	0.27961405580775767	0.1636618176728294	mM/s									
forward maximal velocity	R15		0.06586859749174562	0.06586859749174562	0.038519566612414145	mM/s									
forward maximal velocity	R16		5.577071388617128	5.577071388617128	3.2709550997851964	mM/s									
forward maximal velocity	R17		5.577071388578971	5.577071388578971	3.2709550997006356	mM/s									
forward maximal velocity	R18		5.577071388622007	5.577071388622007	3.270955099727585	mM/s									
forward maximal velocity	R19		5.577071388576341	5.577071388576341	3.2709550996991177	mM/s									
forward maximal velocity	R20		3.368303882598101	3.368303882598101	1.9884528792455045	mM/s									
forward maximal velocity	R21		3.368303882888046	3.368303882888046	1.9884528794676366	mM/s									
forward maximal velocity	R22		3.368303882891683	3.368303882891683	1.9884528794697363	mM/s									
forward maximal velocity	R23		3.368303882902029	3.368303882902029	1.9884528794758878	mM/s									
forward maximal velocity	R24		4.455298400362506	4.455298400362506	2.612996580319731	mM/s									
forward maximal velocity	R25		4.455298400330728	4.455298400330728	2.6129965803024393	mM/s									
forward maximal velocity	R26		4.4552984003347085	4.4552984003347085	2.6129965803020716	mM/s									
forward maximal velocity	R27		4.455298400341116	4.455298400341116	2.6129965803085224	mM/s									
reaction affinity	R1		-8.341686947355697	-8.341686947355697	2.9895966573100297	kJ/mol									
reaction affinity	R2		-8.34168694735899	-8.34168694735899	2.9895966573082053	kJ/mol									
reaction affinity	R3		-8.341686947392077	-8.341686947392077	2.9895966573094217	kJ/mol									
reaction affinity	R4		-8.341686947336708	-8.341686947336708	2.989596657308815	kJ/mol									
reaction affinity	R5		-4.62296174224457	-4.62296174224457	3.6180242515402483	kJ/mol									
reaction affinity	R6		-4.622961742245479	-4.622961742245479	3.6180242515405	kJ/mol									
reaction affinity	R7		-4.622961742267989	-4.622961742267989	3.618024251540374	kJ/mol									
reaction affinity	R8		-4.622961742236043	-4.622961742236043	3.6180242515412537	kJ/mol									
reaction affinity	R9		2.2515588909975577	2.2515588909975577	3.4625809331332738	kJ/mol									
reaction affinity	R10		2.251558891039508	2.251558891039508	3.462580933135769	kJ/mol									
reaction affinity	R11		2.251558891026889	2.251558891026889	3.4625809331359005	kJ/mol									
reaction affinity	R12		2.2515588910197266	2.2515588910197266	3.462580933135769	kJ/mol									
reaction affinity	R13		0.8669846596891162	0.8669846596891162	1.3381752379561394	kJ/mol									
reaction affinity	R14		9.841113671247602	9.841113671247602	2.066796454528921	kJ/mol									
reaction affinity	R15		18.3039345682996	18.3039345682996	2.116004867369569	kJ/mol									
reaction affinity	R16		-2.064602866802943	-2.064602866802943	3.5744877947884737	kJ/mol									
reaction affinity	R17		-2.0646028668368004	-2.0646028668368004	3.5744877947879914	kJ/mol									
reaction affinity	R18		-2.0646028667752034	-2.0646028667752034	3.57448779478902	kJ/mol									
reaction affinity	R19		-2.064602866838392	-2.064602866838392	3.57448779478749	kJ/mol									
reaction affinity	R20		0.03626453533581753	0.03626453533581753	4.372413696995998	kJ/mol									
reaction affinity	R21		0.036264535329323166	0.036264535329323166	4.372413696997187	kJ/mol									
reaction affinity	R22		0.03626453533388485	0.03626453533388485	4.372413696996346	kJ/mol									
reaction affinity	R23		0.036264535348422555	0.036264535348422555	4.37241369699593	kJ/mol									
reaction affinity	R24		-0.5963536357214707	-0.5963536357214707	3.5722473969074993	kJ/mol									
reaction affinity	R25		-0.5963536357737453	-0.5963536357737453	3.5722473969064734	kJ/mol									
reaction affinity	R26		-0.5963536357584189	-0.5963536357584189	3.5722473969059605	kJ/mol									
reaction affinity	R27		-0.596353635754646	-0.596353635754646	3.5722473969074917	kJ/mol									
standard chemical potential		SERINE	0.8669846596891162	0.8669846596891162	1.3381752379561394	kJ/mol									
standard chemical potential		HCO3	-507.48964263194	-507.48964263194	412.869226672891	kJ/mol									
standard chemical potential		PYRUVICACID	9.841113671247602	9.841113671247602	2.066796454528921	kJ/mol									
standard chemical potential		MALICACID	18.3039345682996	18.3039345682996	2.116004867369569	kJ/mol									
standard chemical potential		OXALOACETICACID	-568.691871251196	-568.691871251196	359.3342700394449	kJ/mol									
standard chemical potential		NH3	-876.7362163138883	-876.7362163138883	160.60461661198522	kJ/mol									
standard chemical potential		ATP	-507.4896426112632	-507.4896426112632	412.869226672916	kJ/mol									
standard chemical potential		ADP	-1258.2534464625792	-1258.2534464625792	412.8692266687331	kJ/mol									
standard chemical potential		NADH	-193.3099692272681	-193.3099692272681	388.6096573198915	kJ/mol									
standard chemical potential		NAD_plus	-1572.4331198439754	-1572.4331198439754	388.6096573241558	kJ/mol									
standard chemical potential		SDA_MSMEG	-876.1037742496857	-876.1037742496857	160.52619401996708	kJ/mol									
standard chemical potential		SDA_BSUB	-876.1037742496889	-876.1037742496889	160.52619401996702	kJ/mol									
standard chemical potential		SDA_ECOLI	-876.1037742497219	-876.1037742497219	160.52619401996708	kJ/mol									
standard chemical potential		SDA_LPNEU	-876.1037742496666	-876.1037742496666	160.52619401996714	kJ/mol									
standard chemical potential		PCX_RETLI	-826.4301078840639	-826.4301078840639	167.7831277695595	kJ/mol									
standard chemical potential		PCX_SCER	-826.4301078840648	-826.4301078840648	167.78312776955954	kJ/mol									
standard chemical potential		PCX_MSMEG	-826.4301078840873	-826.4301078840873	167.78312776955954	kJ/mol									
standard chemical potential		PCX_GTHERM	-826.4301078840555	-826.4301078840555	167.7831277695595	kJ/mol									
standard chemical potential		MDH_ECOLI	-789.8757859062142	-789.8757859062142	166.54913394166815	kJ/mol									
standard chemical potential		MDH_MDOM	-789.8757859061724	-789.8757859061724	166.5491339416681	kJ/mol									
standard chemical potential		MDH_REMER	-789.8757859061848	-789.8757859061848	166.54913394166812	kJ/mol									
standard chemical potential		MDH_TAES	-789.875785906192	-789.875785906192	166.54913394166815	kJ/mol									
standard chemical potential		DNA_SDA_MSMEG	-891.1731470118252	-891.1731470118252	160.68623988926805	kJ/mol									
standard chemical potential		DNA_SDA_BSUB	-891.1731470118623	-891.1731470118623	160.68623988926805	kJ/mol									
standard chemical potential		DNA_SDA_ECOLI	-891.173147011834	-891.173147011834	160.68623988926805	kJ/mol									
standard chemical potential		DNA_SDA_LPNEU	-891.1731470118418	-891.1731470118418	160.68623988926808	kJ/mol									
standard chemical potential		DNA_PCX_RETLI	-845.4675058618885	-845.4675058618885	167.88907975517202	kJ/mol									
standard chemical potential		DNA_PCX_SCER	-845.467505861896	-845.467505861896	167.88907975517205	kJ/mol									
standard chemical potential		DNA_PCX_MSMEG	-845.467505861914	-845.467505861914	167.88907975517202	kJ/mol									
standard chemical potential		DNA_PCX_GTHERM	-845.4675058618676	-845.4675058618676	167.88907975517202	kJ/mol									
standard chemical potential		DNA_MDH_ECOLI	-803.4769094372724	-803.4769094372724	166.62338609867103	kJ/mol									
standard chemical potential		DNA_MDH_MDOM	-803.4769094372829	-803.4769094372829	166.6233860986709	kJ/mol									
standard chemical potential		DNA_MDH_REMER	-803.47690943728	-803.47690943728	166.62338609867095	kJ/mol									
standard chemical potential		DNA_MDH_TAES	-803.4769094372834	-803.4769094372834	166.62338609867095	kJ/mol									
